<xapi:requestset xmlns:xapi="http://xmlns.oracle.com/oxp/xapi" type="bursting">
<xapi:request select="/XXAWRL_PICK_SLIP/LIST_G_S_NO/G_S_NO">
<xapi:delivery>
<xapi:email server="172.23.26.42" port="25" from="wfnp@awrostamani.com" reply-to="wfnp@awrostamani.com">
<xapi:message id="123" to="${CF_EMAIL}" attachment="true" subject="AWRL Pick Slip Report : ${ORDER_NUMBER}">
Dear User,

Attached is the automatically generated Pick Slip report from Oracle as part of the Create Pick Wave process
for the following order.

Order Number : ${ORDER_NUMBER}

This document contains information about the items to be shipped, such as quantity and location for the sales order.

Thank You



Note: This is a system generated document.
</xapi:message>
</xapi:email>
</xapi:delivery>
<xapi:document output="Pick_Slip_Report_${ORDER_NUMBER}" output-type="pdf" delivery="123">
<xapi:template type="rtf" location="xdo://XXAAC.XXAWRL_PICK_SLIP.en.00/?getSource=true"/>
</xapi:document>
</xapi:request>
</xapi:requestset>



