<dataTemplate name="XXAWR_PO_REPORT" version="1.0">
<properties>
<property name="xml_tag_case" value="upper"/>
</properties>
<parameters>
<parameter name="P_FROM_DATE" dataType="VARCHAR2"/>
<parameter name="P_TILL_DATE" dataType="VARCHAR2"/>
</parameters>
<dataQuery>
<sqlStatement name="Q_1">
<![CDATA[SELECT DISTINCT PHA.SEGMENT1 PO_NUMBER,
                TO_CHAR (PHA.CREATION_DATE, 'DD-MON-RRRR') PO_DATE,
                PHA.AUTHORIZATION_STATUS AUTHORIZATION_STATUS,
                ASP.VENDOR_NAME VENDOR,
                APT.NAME PAYMENT_TERM,
                PHA.COMMENTS DESCRIPTION,
                (  SELECT SUM(QUANTITY*UNIT_PRICE) FROM PO_LINES_ALL WHERE  PO_HEADER_ID=(SELECT PO_HEADER_ID
                FROM PO_HEADERS_ALL  WHERE SEGMENT1=PHA.SEGMENT1)  )    AMOUNT_FC,
                PHA.CURRENCY_CODE CURRENCY
              FROM po_headers_all pha,
       po_lines_all pla,
       po_distributions_all pda,
       po_vendors pov,
       ap_invoice_distributions_all aida,
       ap_invoices_all aia,
       ap_invoice_lines_all aila,
       ap_invoice_payments_all aipa,
       ap_checks_all ac,
       ap_suppliers asp,
       ap_terms apt,
       mtl_system_items_b msi,
       rcv_shipment_lines rsl
 WHERE 1 = 1
       AND TRUNC (pha.creation_date) BETWEEN TRUNC (
                                                TO_DATE (
                                                   :P_FROM_DATE,
                                                   'YYYY-MM-DD HH24:MI:SS'))
                                         AND TRUNC (
                                                TO_DATE (
                                                   :P_TILL_DATE,
                                                   'YYYY-MM-DD HH24:MI:SS'))
       AND pla.po_header_id = aila.po_header_id
       AND pla.po_line_id = aila.po_line_id
       AND pha.po_header_id = pla.po_header_id
       AND pha.org_id = msi.organization_id
       AND pov.vendor_id = pha.vendor_id
       AND pda.po_header_id = pha.po_header_id
       AND pda.po_line_id = pla.po_line_id
       AND aida.po_distribution_id = pda.po_distribution_id
       AND asp.vendor_id = pha.vendor_id
       AND apt.term_id = pha.terms_id
       AND pla.item_id = msi.inventory_item_id
       AND aia.invoice_id = aida.invoice_id
       AND aila.line_number = aida.distribution_line_number
       AND aia.invoice_id = aila.invoice_id
       AND aia.invoice_id = aipa.invoice_id
       AND aipa.check_id = ac.check_id
       AND rsl.po_header_id = pha.po_header_id
       AND rsl.po_line_id = pla.po_line_id
       AND PHA.org_id = 548
       AND UPPER(PHA.TYPE_LOOKUP_CODE) NOT IN ('BLANKET')]]>
</sqlStatement>
</dataQuery>
<dataStructure>
<group name="G_MAIN" source="Q_1">
<element name="PO_NUMBER" dataType="varchar2" value="PO_NUMBER"/>
<element name="PO_DATE" dataType="varchar2" value="PO_DATE"/>
<element name="AUTHORIZATION_STATUS" dataType="varchar2" value="AUTHORIZATION_STATUS"/>
<element name="VENDOR" dataType="varchar2" value="VENDOR"/>
<element name="PAYMENT_TERM" dataType="varchar2" value="PAYMENT_TERM"/>
<element name="ITEM_CODE" dataType="varchar2" value="ITEM_CODE"/>
<element name="DESCRIPTION" dataType="varchar2" value="DESCRIPTION"/>
<element name="ORDER_QUANTITY" dataType="varchar2" value="ORDER_QUANTITY"/>
<element name="AMOUNT_FC" dataType="varchar2" value="AMOUNT_FC"/>
<element name="GRN_QUANTITY" dataType="varchar2" value="GRN_QUANTITY"/>
<element name="CURRENCY" dataType="varchar2" value="CURRENCY"/>
<element name="PAYMENT_STATUS " dataType="varchar2" value="PAYMENT_STATUS"/>
</group>
</dataStructure>
</dataTemplate>